{"AAPL_MA_PnL": -0.057386425028242524, "AAPL_BB_PnL": -0.02536089760545997, "MSFT_MA_PnL": -0.2327620680267361, "MSFT_BB_PnL": 0.40543282739328135, "TSLA_MA_PnL": 0.3075220362365176, "TSLA_BB_PnL": -0.4951586546137349, "JNJ_MA_PnL": -0.0005524255290020863, "JNJ_BB_PnL": 0.05883938711234808, "PFE_MA_PnL": 0.02341643351924545, "PFE_BB_PnL": 0.05305264705068989, "MRK_MA_PnL": 0.06515729081575468, "MRK_BB_PnL": 0.19189418362890642, "JPM_MA_PnL": -0.016699107635515045, "JPM_BB_PnL": 0.14438915162670302, "BAC_MA_PnL": 0.3946157268124221, "BAC_BB_PnL": -0.26522350075166073, "WFC_MA_PnL": 0.23046306925385932, "WFC_BB_PnL": -0.22765656575810045, "XOM_MA_PnL": 0.182542945506387, "XOM_BB_PnL": 0.050997069299996534, "CVX_MA_PnL": -0.21277968505919784, "CVX_BB_PnL": -0.05709493308751518, "SLB_MA_PnL": -0.20632322532002612, "SLB_BB_PnL": -0.27744022228418186, "PG_MA_PnL": 0.01081780969760023, "PG_BB_PnL": 0.21702694181762164, "KO_MA_PnL": -0.09493489819282601, "KO_BB_PnL": 0.19559672458020178, "WMT_MA_PnL": -0.07362083769577384, "WMT_BB_PnL": 0.1936040096630302, "GC=F_MA_PnL": -0.10753751386664415, "GC=F_BB_PnL": -0.11486086551861645, "CL=F_MA_PnL": 0.049789334956186385, "CL=F_BB_PnL": -0.29216370700893074}