{
    "AAPL_ma_startegy":-0.0284189564,
    "AAPL_bb_strategy":0.0090823276,
    "MSFT_ma_startegy":-0.2783136661,
    "MSFT_bb_strategy":0.3742656583,
    "TSLA_ma_startegy":0.2426661444,
    "TSLA_bb_strategy":-0.2700199921,
    "JNJ_ma_startegy":0.0305003582,
    "JNJ_bb_strategy":0.0303373471,
    "PFE_ma_startegy":0.0753331848,
    "PFE_bb_strategy":0.025671494,
    "MRK_ma_startegy":0.1083291255,
    "MRK_bb_strategy":0.205265871,
    "JPM_ma_startegy":-0.0204278304,
    "JPM_bb_strategy":0.1369821538,
    "BAC_ma_startegy":0.4477497717,
    "BAC_bb_strategy":-0.2547770034,
    "WFC_ma_startegy":0.3043323513,
    "WFC_bb_strategy":-0.1335416681,
    "XOM_ma_startegy":0.3040318017,
    "XOM_bb_strategy":0.020886348,
    "CVX_ma_startegy":-0.191326343,
    "CVX_bb_strategy":-0.0224669916,
    "SLB_ma_startegy":-0.2775827999,
    "SLB_bb_strategy":-0.1790740832,
    "PG_ma_startegy":-0.1034590955,
    "PG_bb_strategy":0.1899590788,
    "KO_ma_startegy":-0.1538947859,
    "KO_bb_strategy":0.2159031406,
    "WMT_ma_startegy":-0.0901164251,
    "WMT_bb_strategy":0.1959473007,
    "GC=F_ma_startegy":-0.1244622066,
    "GC=F_bb_strategy":-0.0613998804,
    "CL=F_ma_startegy":-0.0386462238,
    "CL=F_bb_strategy":-0.3740154086
}